# Index,R1,R2,P1,P2,P3,type,A,β,γ,T range,Reference,Notes
1,ArHP,C,CHP,Ar,-0,-2,1.02E-09,0,0,,estimated,
2,ArHP,CO,HCOP,Ar,-0,-2,1.25E-09,0,0,,Anicich93,
3,ArHP,CO2,HCO2P,Ar,-0,-2,1.10E-09,0,0,,Anicich93,
4,ArHP,H2,H3P,Ar,-0,-2,6.30E-10,0,0,,Anicich93,
5,ArHP,N2,N2HP,Ar,-0,-2,8.00E-10,0,0,,Anicich93,
6,ArHP,O,OHP,Ar,-0,-2,5.90E-10,0,0,,estimated,
7,ArHP,O2,HO2P,Ar,-0,-2,5.05E-10,0,0,,Anicich93,
8,ArP,CO,COP,Ar,-0,-2,4.40E-11,0,0,,Anicich93,
9,ArP,CO2,CO2P,Ar,-0,-2,4.80E-10,0,0,,Anicich93,
10,ArP,H2,ArHP,H,-0,-2,8.72E-10,0,0,,Anicich93,
11,ArP,H2,H2P,Ar,-0,-2,1.78E-11,0,0,,Anicich93,
12,ArP,H2O,ArHP,OH,-0,-2,3.24E-10,0,0,,Anicich93,
13,ArP,H2O,H2OP,Ar,-0,-2,1.30E-09,0,0,,Anicich93,
14,ArP,N2,N2P,Ar,-0,-2,1.10E-11,0,0,,Anicich93,
15,ArP,N2O,N2OP,Ar,-0,-2,2.91E-10,0,0,,Anicich93,
16,ArP,N2O,N2P,Ar,O,-2,3.00E-12,0,0,,Anicich93,
17,ArP,N2O,NOP,Ar,N,-2,3.00E-12,0,0,,Anicich93,
18,ArP,N2O,OP,N2,Ar,-2,3.00E-12,0,0,,Anicich93,
19,ArP,NO,NOP,Ar,-0,-2,3.10E-10,0,0,300,Anicich93,
20,ArP,NO2,NO2P,Ar,-0,-2,2.76E-11,0,0,,Anicich93,
21,ArP,NO2,NOP,Ar,O,-2,4.32E-10,0,0,,Anicich93,
22,ArP,O2,O2P,Ar,-0,-2,4.60E-11,0,0,,Anicich93,
23,CHP,C,C2P,H,-0,-2,1.20E-09,0,0,10 - 41000,UMIST RATE12,
24,CHP,CN,C2NP,H,-0,-2,9.53E-09,-0.5,0,10 - 41000,UMIST RATE12,
25,CHP,CO,HCOP,C,-0,-2,7.00E-12,-0.5,0,,Anicich93,
26,CHP,CO2,HCOP,CO,-0,-2,1.60E-09,0,0,,Anicich93,
27,CHP,H,CP,H2,-0,-2,7.50E-10,0,0,,Anicich93,
28,CHP,H2,CH2P,H,-0,-2,1.20E-09,0,0,,Anicich93,
29,CHP,H2O,H2COP,H,-0,-2,1.00E-08,-0.5,0,10 - 41000,UMIST RATE12,
30,CHP,H2O,H3OP,C,-0,-2,1.45E-09,0,0,,Anicich93,
31,CHP,H2O,HCOP,H2,-0,-2,5.02E-08,-0.5,0,10 - 41000,UMIST RATE12,
32,CHP,HCN,C2NP,H2,-0,-2,4.20E-10,0,0,,Anicich93,
33,CHP,HCN,HC2NP,H,-0,-2,2.80E-10,0,0,,Anicich93,
34,CHP,HCN,HCNHP,C,-0,-2,2.10E-09,0,0,,Anicich93,
35,CHP,HCO,CH2P,CO,-0,-2,7.97E-09,-0.5,0,10 - 41000,UMIST RATE12,
36,CHP,HCO,HCOP,CH,-0,-2,7.97E-09,-0.5,0,10 - 41000,UMIST RATE12,
37,CHP,N,CNP,H,-0,-2,1.90E-10,0,0,,Anicich93,
38,CHP,NH,CNP,H2,-0,-2,1.32E-08,-0.5,0,10 - 41000,UMIST RATE12,
39,CHP,NO,NOP,CH,-0,-2,7.60E-10,0,0,,Anicich93,
40,CHP,O,COP,H,-0,-2,3.50E-10,0,0,10 - 41000,Viggiano80,
41,CHP,O2,HCOP,O,-0,-2,8.73E-10,0,0,,Anicich93,Minimum value
42,CHP,OH,COP,H2,-0,-2,1.30E-08,-0.5,0,10 - 41000,UMIST RATE12,
43,CNP,C,CP,CN,-0,-2,1.10E-10,0,0,10 - 41000,UMIST RATE12,
44,CNP,CH,CHP,CN,-0,-2,1.11E-08,-0.5,0,10 - 41000,UMIST RATE12,
45,CNP,CO,COP,CN,-0,-2,4.40E-10,0,0,,Anicich93,
46,CNP,CO2,C2OP,NO,-0,-2,3.30E-10,0,0,,Anicich93,
47,CNP,CO2,CO2P,CN,-0,-2,4.40E-10,0,0,,Anicich93,
48,CNP,CO2,OCNP,CO,-0,-2,3.30E-10,0,0,,Anicich93,
49,CNP,H,HP,CN,-0,-2,6.40E-10,0,0,300,Scott97,
50,CNP,H2,HCNP,H,-0,-2,8.00E-10,0,0,300,Scott97,
51,CNP,H2,HNCP,H,-0,-2,8.00E-10,0,0,300,Scott97,
52,CNP,H2O,H2CNP,O,-0,-2,4.80E-10,0,0,,Anicich93,
53,CNP,H2O,H2OP,CN,-0,-2,3.20E-10,0,0,,Anicich93,
54,CNP,H2O,HCNP,OH,-0,-2,1.60E-09,0,0,,Anicich93,
55,CNP,H2O,HCOP,NH,-0,-2,1.60E-10,0,0,,Anicich93,
56,CNP,H2O,HNCOP,H,-0,-2,6.40E-10,0,0,,Anicich93,
57,CNP,HCN,C2N2P,H,-0,-2,4.59E-10,0,0,,Anicich93,
58,CNP,HCN,HCNP,CN,-0,-2,2.24E-09,0,0,,Anicich93,
59,CNP,HCO,HCNP,CO,-0,-2,6.41E-09,-0.5,0,10 - 41000,UMIST RATE12,
60,CNP,HCO,HCOP,CN,-0,-2,6.41E-09,-0.5,0,10 - 41000,UMIST RATE12,
61,CNP,N,N2P,C,-0,-2,6.10E-10,0,0,300,Scott98,
62,CNP,N2O,N2OP,CN,-0,-2,4.56E-10,0,0,,Anicich93,
63,CNP,N2O,NOP,CN2,-0,-2,1.52E-10,0,0,,Anicich93,
64,CNP,N2O,OCNP,N2,-0,-2,1.52E-10,0,0,,Anicich93,
65,CNP,NH,NHP,CN,-0,-2,1.13E-08,-0.5,0,10 - 41000,UMIST RATE12,
66,CNP,NH2,NH2P,CN,-0,-2,1.58E-08,-0.5,0,10 - 41000,UMIST RATE12,
67,CNP,NO,NOP,CN,-0,-2,5.70E-10,0,0,,Anicich93,
68,CNP,NO,OCNP,N,-0,-2,1.90E-10,0,0,,Anicich93,
69,CNP,O,OP,CN,-0,-2,6.50E-11,0,0,10 - 41000,UMIST RATE12,
70,CNP,O2,NOP,CO,-0,-2,8.60E-11,0,0,,Anicich93,
71,CNP,O2,O2P,CN,-0,-2,2.58E-10,0,0,,Anicich93,
72,CNP,O2,OCNP,O,-0,-2,8.60E-11,0,0,,Anicich93,
73,CNP,OH,OHP,CN,-0,-2,1.11E-08,-0.5,0,10 - 41000,UMIST RATE12,
74,CO2P,H,HCOP,O,-0,-2,4.47E-10,0,0,300,Scott97,Minimum value
75,CO2P,H,HP,CO2,-0,-2,5.53E-11,0,0,,Anicich93,
76,CO2P,H2,HCO2P,H,-0,-2,2.24E-09,-0.15,0,15-300,Borodi09,
77,CO2P,H2O,H2OP,CO2,-0,-2,1.80E-09,0,0,,Anicich93,
78,CO2P,H2O,HCO2P,OH,-0,-2,6.00E-10,0,0,,Anicich93,
79,CO2P,HCN,HCNP,CO2,-0,-2,8.10E-10,0,0,,Anicich93,
80,CO2P,HCN,HCO2P,CN,-0,-2,9.00E-11,0,0,,Anicich93,
81,CO2P,N,COP,NO,-0,-2,3.40E-10,0,0,300,Scott98,
82,CO2P,NO,NOP,CO2,-0,-2,1.23E-10,0,0,,Anicich93,
83,CO2P,O,O2P,CO,-0,-2,1.60E-10,0,0,,Fehsenfeld70,
83,CO2P,O,OP,CO2,-0,-2,1.00E-10,0,0,,Fehsenfeld70,
84,CO2P,O2,O2P,CO2,-0,-2,5.50E-11,0,0,,Anicich93,
85,COP,C,CP,CO,-0,-2,1.10E-10,0,0,10 - 41000,UMIST RATE12,
86,COP,CH,CHP,CO,-0,-2,5.54E-09,-0.5,0,10 - 41000,UMIST RATE12,
87,COP,CH,HCOP,C,-0,-2,5.54E-09,-0.5,0,10 - 41000,UMIST RATE12,
88,COP,CO2,CO2P,CO,-0,-2,1.10E-09,0,0,,Anicich93,
89,COP,H,HP,CO,-0,-2,4.00E-10,0,0,300,Scott97,
90,COP,H2,HCOP,H,-0,-2,7.50E-10,0,0,300,Scott97,
91,COP,H2,HOCP,H,-0,-2,7.50E-10,0,0,300,Scott97,
92,COP,H2O,H2OP,CO,-0,-2,1.56E-09,0,0,,Anicich93,
93,COP,H2O,HCOP,OH,-0,-2,8.40E-10,0,0,,Anicich93,
94,COP,HCN,HCNP,CO,-0,-2,3.06E-09,0,0,,Anicich93,Minimum value
95,COP,HCO,HCOP,CO,-0,-2,1.28E-08,-0.5,0,10 - 41000,UMIST RATE12,
96,COP,N,NOP,C,-0,-2,8.20E-11,0,0,300,Scott98,
97,COP,NH,HCOP,N,-0,-2,5.54E-09,-0.5,0,10 - 41000,UMIST RATE12,
98,COP,NH,NHP,CO,-0,-2,5.54E-09,-0.5,0,10 - 41000,UMIST RATE12,
99,COP,NH2,HCOP,NH,-0,-2,7.79E-09,-0.5,0,10 - 41000,UMIST RATE12,
100,COP,NH2,NH2P,CO,-0,-2,7.79E-09,-0.5,0,10 - 41000,UMIST RATE12,
101,COP,NO,NOP,CO,-0,-2,4.20E-10,0,0,,Anicich93,
102,COP,O,OP,CO,-0,-2,1.40E-10,0,0,,Anicich93,
103,COP,O2,O2P,CO,-0,-2,1.50E-10,0,0,,Anicich93,
104,COP,OH,HCOP,O,-0,-2,5.37E-09,-0.5,0,10 - 41000,UMIST RATE12,
105,COP,OH,OHP,CO,-0,-2,5.37E-09,-0.5,0,10 - 41000,UMIST RATE12,
106,CP,C,C2P,-0,-0,-2,1.52E-18,0.17,-101.5,10 - 41000,UMIST RATE12,
107,CP,CH,C2P,H,-0,-2,6.58E-09,-0.5,0,10 - 41000,UMIST RATE12,
108,CP,CH,CHP,C,-0,-2,6.58E-09,-0.5,0,10 - 41000,UMIST RATE12,
109,CP,CO2,CO2P,C,-0,-2,1.10E-10,0,0,,Anicich93,
110,CP,CO2,COP,CO,-0,-2,9.90E-10,0,0,,Anicich93,
111,CP,H,CHP,-0,-0,-2,1.70E-17,0,0,10 - 300,UMIST RATE12,
112,CP,H2,CH2P,-0,-0,-2,3.32E-13,-1.3,-23,10 - 300,UMIST RATE12,
113,CP,H2,CHP,H,-0,-2,7.40E-10,0,-4537,,Hieri97,
114,CP,H2O,H2OP,C,-0,-2,2.40E-10,0,0,,Anicich93,
115,CP,H2O,HCOP,H,-0,-2,1.56E-08,-0.5,0,10 - 41000,UMIST RATE12,
116,CP,H2O,HOCP,H,-0,-2,2.16E-09,0,0,,Anicich93,
117,CP,HCN,C2NP,H,-0,-2,2.95E-09,0,0,,Anicich93,
118,CP,HCO,CHP,CO,-0,-2,8.31E-09,-0.5,0,10 - 41000,UMIST RATE12,
119,CP,HCO,HCOP,C,-0,-2,8.31E-09,-0.5,0,10 - 41000,UMIST RATE12,
120,CP,N,CNP,-0,-0,-2,7.24E-19,0.07,-57.5,300 - 14700,UMIST RATE12,
121,CP,N2O,NOP,CN,-0,-2,9.10E-10,0,0,10 - 41000,Anicich93,
122,CP,NH,CNP,H,-0,-2,1.35E-08,-0.5,0,10 - 41000,UMIST RATE12,
123,CP,NH2,HCNP,H,-0,-2,1.91E-08,-0.5,0,10 - 41000,UMIST RATE12,
124,CP,NO,NOP,C,-0,-2,7.50E-10,0,0,,Anicich93,
125,CP,O,COP,-0,-0,-2,7.39E-18,-0.15,-68,10 - 13900,UMIST RATE12,
126,CP,O2,COP,O,-0,-2,3.48E-10,0,0,,Anicich93,
127,CP,O2,OP,CO,-0,-2,5.22E-10,0,0,,Anicich93,
128,CP,OH,COP,H,-0,-2,1.33E-08,-0.5,0,10 - 41000,UMIST RATE12,
129,H2OP,C,CHP,OH,-0,-2,1.10E-09,0,0,10 - 41000,UMIST RATE12,
130,H2OP,CH,CH2P,OH,-0,-2,5.89E-09,-0.5,0,10 - 41000,UMIST RATE12,
131,H2OP,CH,CHP,H2O,-0,-2,5.89E-09,-0.5,0,10 - 41000,UMIST RATE12,
132,H2OP,CO,HCOP,OH,-0,-2,4.25E-10,0,0,,Anicich93,
133,H2OP,H2,H3OP,H,-0,-2,7.60E-10,0,0,,Anicich93,
134,H2OP,H2O,H3OP,OH,-0,-2,1.85E-09,0,0,,Anicich93,
135,H2OP,HCN,HCNHP,OH,-0,-2,1.05E-09,0,0,,Anicich93,Minimum value
136,H2OP,HCO,H2COP,OH,-0,-2,4.85E-09,-0.5,0,10 - 41000,UMIST RATE12,
137,H2OP,HCO,H3OP,CO,-0,-2,4.85E-09,-0.5,0,10 - 41000,UMIST RATE12,
138,H2OP,HCO,HCOP,H2O,-0,-2,4.85E-09,-0.5,0,10 - 41000,UMIST RATE12,
139,H2OP,N,HNOP,H,-0,-2,1.12E-10,0,0,300,Scott98,
140,H2OP,N,NOP,H2,-0,-2,2.80E-11,0,0,300,Scott98,
141,H2OP,NH,H3OP,N,-0,-2,1.23E-08,-0.5,0,10 - 41000,UMIST RATE12,
142,H2OP,NH2,NH2P,H2O,-0,-2,8.49E-09,-0.5,0,10 - 41000,UMIST RATE12,
143,H2OP,NH2,NH3P,OH,-0,-2,8.49E-09,-0.5,0,10 - 41000,UMIST RATE12,
144,H2OP,NO,NOP,H2O,-0,-2,4.60E-10,0,0,,Anicich93,
145,H2OP,NO2,NO2P,H2O,-0,-2,1.20E-09,0,0,,Anicich93,
146,H2OP,O,O2P,H2,-0,-2,4.00E-11,0,0,10 - 41000,UMIST RATE12,
147,H2OP,O2,O2P,H2O,-0,-2,3.30E-10,0,0,300,Anicich93,
148,H2OP,OH,H3OP,O,-0,-2,1.20E-08,-0.5,0,10 - 41000,UMIST RATE12,
149,H2P,Ar,ArHP,H,-0,-2,2.10E-09,0,0,,Anicich93,
150,H2P,C,CHP,H,-0,-2,2.40E-09,0,0,10 - 41000,UMIST RATE12,
151,H2P,CH,CH2P,H,-0,-2,1.23E-08,-0.5,0,10 - 41000,UMIST RATE12,
152,H2P,CH,CHP,H2,-0,-2,1.23E-08,-0.5,0,10 - 41000,UMIST RATE12,
153,H2P,CN,CNP,H2,-0,-2,2.08E-08,-0.5,0,10 - 41000,UMIST RATE12,
154,H2P,CN,HCNP,H,-0,-2,2.08E-08,-0.5,0,10 - 41000,UMIST RATE12,
155,H2P,CO,COP,H2,-0,-2,6.44E-10,0,0,10 - 41000,UMIST RATE12,
156,H2P,CO,HCOP,H,-0,-2,2.90E-09,0,0,,Anicich93,
157,H2P,CO2,HCO2P,H,-0,-2,2.35E-09,0,0,,Anicich93,
158,H2P,H,HP,H2,-0,-2,6.40E-10,0,0,,Anicich93,
159,H2P,H2,H3P,H,-0,-2,2.00E-09,0,0,,Anicich93,
160,H2P,H2O,H2OP,H2,-0,-2,3.87E-09,0,0,,Anicich93,
161,H2P,H2O,H3OP,H,-0,-2,3.43E-09,0,0,,Anicich93,
162,H2P,HCN,HCNP,H2,-0,-2,4.68E-08,-0.5,0,10 - 41000,UMIST RATE12,
163,H2P,HCO,H3P,CO,-0,-2,1.73E-08,-0.5,0,10 - 41000,UMIST RATE12,
164,H2P,HCO,HCOP,H2,-0,-2,1.73E-08,-0.5,0,10 - 41000,UMIST RATE12,
165,H2P,He,HeHP,H,-0,-2,1.35E-10,0,0,10 - 41000,Anicich93,
166,H2P,N,NHP,H,-0,-2,1.90E-09,0,0,10 - 41000,UMIST RATE12,
167,H2P,N2,N2HP,H,-0,-2,2.00E-09,0,0,,Anicich93,
168,H2P,N2O,HN2OP,H,-0,-2,1.32E-09,0,0,,Anicich93,
169,H2P,N2O,N2HP,OH,-0,-2,7.77E-10,0,0,,Anicich93,
170,H2P,NH,NH2P,H,-0,-2,1.32E-08,-0.5,0,10 - 41000,UMIST RATE12,
171,H2P,NH,NHP,H2,-0,-2,1.32E-08,-0.5,0,10 - 41000,UMIST RATE12,
172,H2P,NO,HNOP,H,-0,-2,1.10E-09,0,0,10 - 41000,UMIST RATE12,
173,H2P,NO,NOP,H2,-0,-2,1.10E-09,0,0,10 - 41000,UMIST RATE12,
174,H2P,O,OHP,H,-0,-2,1.50E-09,0,0,10 - 41000,UMIST RATE12,
175,H2P,O2,HO2P,H,-0,-2,1.92E-09,0,0,,Anicich93,
176,H2P,O2,O2P,H2,-0,-2,7.83E-10,0,0,,Anicich93,
177,H2P,OH,H2OP,H,-0,-2,1.32E-08,-0.5,0,10 - 41000,UMIST RATE12,
178,H2P,OH,OHP,H2,-0,-2,1.32E-08,-0.5,0,10 - 41000,UMIST RATE12,
179,H3OP,C,HCOP,H2,-0,-2,1.00E-11,0,0,10 - 41000,UMIST RATE12,
180,H3OP,CH,CH2P,H2O,-0,-2,1.18E-08,-0.5,0,10 - 41000,UMIST RATE12,
181,H3OP,HCN,HCNHP,H2O,-0,-2,3.80E-09,0,0,,Anicich93,
182,H3OP,NH2,NH3P,H2O,-0,-2,1.68E-08,-0.5,0,10 - 41000,UMIST RATE12,
183,H3P,Ar,ArHP,H2,-0,-2,3.65E-10,0,0,,Anicich93,
184,H3P,C,CHP,H2,-0,-2,2.00E-09,0,0,10 - 41000,UMIST RATE12,
185,H3P,CH,CH2P,H2,-0,-2,2.08E-08,-0.5,0,10 - 41000,UMIST RATE12,
186,H3P,CN,HCNP,H2,-0,-2,3.46E-08,-0.5,0,10 - 41000,UMIST RATE12,
187,H3P,CO,HCOP,H2,-0,-2,3.06E-09,-0.142,3.41,10 - 400,Anicich93,
188,H3P,CO,HOCP,H2,-0,-2,5.82E-10,0.0661,-5.21,10 - 400,Anicich93,
189,H3P,CO2,HCO2P,H2,-0,-2,2.50E-09,0,0,,Anicich93,
190,H3P,H2O,H3OP,H2,-0,-2,5.30E-09,0,0,,Anicich93,
191,H3P,HCN,HCNHP,H2,-0,-2,7.50E-09,0,0,,Anicich93,
192,H3P,HCO,H2COP,H2,-0,-2,2.94E-08,-0.5,0,10 - 41000,UMIST RATE12,
193,H3P,N,NH2P,H,-0,-2,3.90E-10,0,0,,Anicich93,
194,H3P,N,NHP,H2,-0,-2,2.60E-10,0,0,,Anicich93,
195,H3P,N2,N2HP,H2,-0,-2,1.63E-09,0,0,300,Scott98,
196,H3P,N2O,HN2OP,H2,-0,-2,2.50E-09,0,0,,Anicich93,
197,H3P,NH,NH2P,H2,-0,-2,2.25E-08,-0.5,0,10 - 41000,UMIST RATE12,
198,H3P,NO,HNOP,H2,-0,-2,1.94E-09,0,0,,Praxmarer94,
199,H3P,NO2,NO2P,H2,H,-2,7.00E-12,0,0,,Anicich93,
200,H3P,NO2,NOP,OH,H2,-2,6.93E-10,0,0,,Anicich93,
201,H3P,O,H2OP,H,-0,-2,8.33E-10,-0.156,-1.4,5 - 400,"Milligan00,Klippenstein10",
202,H3P,O,OHP,H2,-0,-2,1.94E-09,-0.156,-1.4,5 - 400,"Milligan00,Klippenstein10",
203,H3P,O2,HO2P,H2,-0,-2,6.70E-10,0,0,,Anicich93,
204,H3P,OH,H2OP,H2,-0,-2,2.25E-08,-0.5,0,10 - 41000,UMIST RATE12,
205,HCNHP,CH,CH2P,HCN,-0,-2,5.46E-09,-0.5,0,10 - 41000,UMIST RATE12,
206,HCNHP,H2O,H3OP,HCN,-0,-2,8.80E-13,0,0,,Anicich93,
207,HCNP,C,CHP,CN,-0,-2,1.10E-09,0,0,10 - 41000,UMIST RATE12,
208,HCNP,CH,CH2P,CN,-0,-2,1.09E-08,-0.5,0,10 - 41000,UMIST RATE12,
209,HCNP,CO,HCOP,CN,-0,-2,1.38E-10,0,0,,Anicich93,
210,HCNP,CO,HNCP,CO,-0,-2,3.22E-10,0,0,,Anicich93,
211,HCNP,CO2,HCO2P,CN,-0,-2,2.10E-10,0,0,,Anicich93,
212,HCNP,CO2,HNCP,CO2,-0,-2,2.90E-10,0,0,,Anicich93,
213,HCNP,H,HP,HCN,-0,-2,3.70E-11,0,0,10 - 41000,UMIST RATE12,
214,HCNP,H2,HCNHP,H,-0,-2,8.80E-10,0,0,,Anicich93,
215,HCNP,H2O,H2OP,HCN,-0,-2,3.12E-08,-0.5,0,10 - 41000,UMIST RATE12,
216,HCNP,H2O,H3OP,CN,-0,-2,3.12E-08,-0.5,0,10 - 41000,UMIST RATE12,
217,HCNP,HCN,HCNHP,CN,-0,-2,1.45E-09,0,0,,Anicich93,
218,HCNP,HCO,H2COP,CN,-0,-2,6.41E-09,-0.5,0,10 - 41000,UMIST RATE12,
219,HCNP,HCO,HCNHP,CO,-0,-2,6.41E-09,-0.5,0,10 - 41000,UMIST RATE12,
220,HCNP,N,CHP,N2,-0,-2,2.20E-10,0,0,300,Scott98,
221,HCNP,N2O,N2OP,HCN,-0,-2,1.08E-09,0,0,,Anicich98,Minimum value
222,HCNP,NH,NH2P,CN,-0,-2,1.13E-08,-0.5,0,10 - 41000,UMIST RATE12,
223,HCNP,NH2,NH3P,CN,-0,-2,1.56E-08,-0.5,0,10 - 41000,UMIST RATE12,
224,HCNP,NO,NOP,HCN,-0,-2,8.10E-10,0,0,10 - 41000,UMIST RATE12,
225,HCNP,O2,O2P,HCN,-0,-2,4.10E-10,0,0,,Anicich93,
226,HCNP,OH,H2OP,CN,-0,-2,1.09E-08,-0.5,0,10 - 41000,UMIST RATE12,
227,HCO2P,C,CHP,CO2,-0,-2,1.00E-09,0,0,10 - 41000,UMIST RATE12,
228,HCO2P,CO,HCOP,CO2,-0,-2,7.80E-10,0,0,10 - 41000,UMIST RATE12,
229,HCO2P,H2O,H3OP,CO2,-0,-2,2.65E-09,0,0,,Anicich93,
230,HCO2P,O,HCOP,O2,-0,-2,5.80E-10,0,0,,estimated,
231,HCOP,C,CHP,CO,-0,-2,1.10E-09,0,0,10 - 41000,UMIST RATE12,
232,HCOP,CH,CH2P,CO,-0,-2,1.09E-08,-0.5,0,10 - 41000,UMIST RATE12,
233,HCOP,H2O,H3OP,CO,-0,-2,2.60E-09,0,0,,Anicich93,
234,HCOP,H2O,HCOOH2P,-0,-0,-2,6.64E-10,-1.3,0,10 - 300,UMIST RATE12,
235,HCOP,HCN,HCNHP,CO,-0,-2,3.50E-09,0,0,,Anicich93,
236,HCOP,HCO,H2COP,CO,-0,-2,1.26E-08,-0.5,0,10 - 41000,UMIST RATE12,
237,HCOP,N2O,HN2OP,CO,-0,-2,3.30E-12,0,0,,Anicich93,
238,HCOP,NH,NH2P,CO,-0,-2,1.11E-08,-0.5,0,10 - 41000,UMIST RATE12,
239,HCOP,NH2,NH3P,CO,-0,-2,1.54E-08,-0.5,0,10 - 41000,UMIST RATE12,
240,HCOP,OH,H2OP,CO,-0,-2,1.07E-08,-0.5,0,10 - 41000,UMIST RATE12,
241,HCOP,OH,HCO2P,H,-0,-2,1.73E-08,-0.5,0,10 - 41000,UMIST RATE12,
242,HeP,C,CP,He,-0,-2,8.74E-17,0.75,0,10 - 300,UMIST RATE12,
243,HeP,CH,CHP,He,-0,-2,8.66E-09,-0.5,0,10 - 41000,UMIST RATE12,
244,HeP,CH,CP,He,H,-2,1.91E-08,-0.5,0,10 - 41000,UMIST RATE12,
245,HeP,CN,CP,N,He,-2,1.52E-08,-0.5,0,10 - 41000,UMIST RATE12,
246,HeP,CN,NP,C,He,-2,1.52E-08,-0.5,0,10 - 41000,UMIST RATE12,
247,HeP,CO,CP,O,He,-2,1.60E-09,0,0,,Anicich93,
248,HeP,CO2,CO2P,He,-0,-2,5.00E-11,0,0,,Anicich93,
249,HeP,CO2,COP,O,He,-2,7.80E-10,0,0,,Anicich93,
250,HeP,CO2,CP,O2,He,-2,2.00E-11,0,0,,Anicich93,
251,HeP,CO2,O2P,C,He,-2,1.10E-11,0,0,10 - 41000,UMIST RATE12,
252,HeP,CO2,OP,CO,He,-2,1.40E-10,0,0,,Anicich93,
253,HeP,H,HeHP,-0,-0,-2,3.43E-15,-0.37,0,,Kraemer95,
254,HeP,H,HP,He,-0,-2,2.88E-16,0.25,0,10 - 41000,UMIST RATE12,
255,HeP,H2,H2P,He,-0,-2,1.70E-14,0,0,,Anicich93,
256,HeP,H2,HP,He,H,-2,8.30E-14,0,0,,Anicich93,
257,HeP,H2O,H2OP,He,-0,-2,5.50E-11,-0.5,0,,Anicich93,
258,HeP,H2O,HP,OH,He,-2,1.85E-10,0,0,,Anicich93,
259,HeP,H2O,OHP,He,H,-2,2.60E-10,-0.5,0,,Anicich93,
260,HeP,HCN,CHP,N,He,-2,6.93E-10,0,0,,Anicich93,
261,HeP,HCN,CNP,He,H,-2,1.55E-09,0,0,,Anicich93,
262,HeP,HCN,CP,NH,He,-2,8.25E-10,0,0,,Anicich93,
263,HeP,HCN,NP,CH,He,-2,2.31E-10,0,0,,Anicich93,
264,HeP,HCO,CHP,O,He,-2,8.49E-09,-0.5,0,10 - 41000,UMIST RATE12,
265,HeP,HCO,COP,He,H,-2,8.49E-09,-0.5,0,10 - 41000,UMIST RATE12,
266,HeP,HCO,HeHP,CO,-0,-2,5.20E-09,-0.5,0,10 - 41000,UMIST RATE12,
267,HeP,HNO,HP,NO,He,-2,1.73E-08,-0.5,0,10 - 41000,UMIST RATE12,
268,HeP,HNO,NOP,He,H,-2,1.73E-08,-0.5,0,10 - 41000,UMIST RATE12,
269,HeP,N2,N2P,He,-0,-2,5.20E-10,0,0,,Anicich93,
270,HeP,N2,NP,N,He,-2,7.80E-10,0,0,,Anicich93,
271,HeP,N2O,N2P,O,He,-2,1.24E-09,0,0,,Anicich93,
272,HeP,N2O,NOP,N,He,-2,4.83E-10,0,0,,Anicich93,
273,HeP,N2O,NP,NO,He,-2,2.99E-10,0,0,,Anicich93,
274,HeP,N2O,OP,N2,He,-2,2.76E-10,0,0,,Anicich93,
275,HeP,NH,NP,He,H,-2,1.91E-08,-0.5,0,10 - 41000,UMIST RATE12,
276,HeP,NH2,NHP,He,H,-2,1.39E-08,-0.5,0,10 - 41000,UMIST RATE12,
277,HeP,NO,NP,O,He,-2,1.35E-09,0,0,,Anicich93,
278,HeP,NO,OP,N,He,-2,1.02E-10,0,0,,Anicich93,
279,HeP,O2,O2P,He,-0,-2,3.00E-11,0,0,,Anicich93,
280,HeP,O2,OP,O,He,-2,9.70E-10,0,0,,Anicich93,
281,HeP,OH,OP,He,H,-2,1.91E-08,-0.5,0,10 - 41000,UMIST RATE12,
282,HN2OP,CO,HCOP,N2O,-0,-2,5.30E-10,0,0,,Anicich93,
283,HN2OP,H2O,H3OP,N2O,-0,-2,2.83E-09,0,0,,Anicich93,
284,HNOP,C,CHP,NO,-0,-2,1.00E-09,0,0,10 - 41000,UMIST RATE12,
285,HNOP,CH,CH2P,NO,-0,-2,1.07E-08,-0.5,0,10 - 41000,UMIST RATE12,
286,HNOP,CN,HCNP,NO,-0,-2,1.51E-08,-0.5,0,10 - 41000,UMIST RATE12,
287,HNOP,CO,HCOP,NO,-0,-2,8.60E-10,0,0,,estimated,
288,HNOP,CO2,HCO2P,NO,-0,-2,9.40E-10,0,0,,estimated,
289,HNOP,H2O,H3OP,NO,-0,-2,2.30E-09,0,0,,Anicich93,
290,HNOP,HCN,HCNHP,NO,-0,-2,1.71E-08,-0.5,0,10 - 41000,UMIST RATE12,
291,HNOP,HCO,H2COP,NO,-0,-2,1.25E-08,-0.5,0,10 - 41000,UMIST RATE12,
292,HNOP,N2,N2HP,NO,-0,-2,1.00E-11,0,0,10 - 41000,UMIST RATE12,
293,HNOP,NH,NH2P,NO,-0,-2,1.09E-08,-0.5,0,10 - 41000,UMIST RATE12,
294,HNOP,NH2,NH3P,NO,-0,-2,1.52E-08,-0.5,0,10 - 41000,UMIST RATE12,
295,HNOP,NO,NOP,HNO,-0,-2,7.00E-10,0,0,,Anicich93,
296,HNOP,O,NO2P,H,-0,-2,1.00E-12,0,0,10 - 41000,UMIST RATE12,
297,HNOP,OH,H2OP,NO,-0,-2,1.07E-08,-0.5,0,10 - 41000,UMIST RATE12,
298,HO2P,C,CHP,O2,-0,-2,1.00E-09,0,0,10 - 41000,UMIST RATE12,
299,HO2P,CH,CH2P,O2,-0,-2,1.07E-08,-0.5,0,10 - 41000,UMIST RATE12,
300,HO2P,CN,HCNP,O2,-0,-2,1.49E-08,-0.5,0,10 - 41000,UMIST RATE12,
301,HO2P,CO,HCOP,O2,-0,-2,8.40E-10,0,0,10 - 41000,UMIST RATE12,
302,HO2P,CO2,HCO2P,O2,-0,-2,1.10E-09,0,0,,Anicich93,
303,HO2P,H2,H3P,O2,-0,-2,3.30E-10,0,0,,Anicich93,
304,HO2P,H2O,H3OP,O2,-0,-2,1.42E-08,-0.5,0,10 - 41000,UMIST RATE12,
305,HO2P,HCN,HCNHP,O2,-0,-2,1.68E-08,-0.5,0,10 - 41000,UMIST RATE12,
306,HO2P,HCO,H2COP,O2,-0,-2,1.23E-08,-0.5,0,10 - 41000,UMIST RATE12,
307,HO2P,N,NO2P,H,-0,-2,1.00E-12,0,0,10 - 41000,UMIST RATE12,
308,HO2P,N2,N2HP,O2,-0,-2,8.00E-10,0,0,,Anicich93,
309,HO2P,NH,NH2P,O2,-0,-2,1.09E-08,-0.5,0,10 - 41000,UMIST RATE12,
310,HO2P,NH2,NH3P,O2,-0,-2,1.51E-08,-0.5,0,10 - 41000,UMIST RATE12,
311,HO2P,NO,HNOP,O2,-0,-2,7.70E-10,0,0,10 - 41000,Lindinger75,
312,HO2P,O,OHP,O2,-0,-2,6.20E-10,0,0,10 - 41000,UMIST RATE12,
313,HO2P,OH,H2OP,O2,-0,-2,1.06E-08,-0.5,0,10 - 41000,UMIST RATE12,
314,HOCP,CO,HCOP,CO,-0,-2,6.00E-10,0,0,,Anicich93,
315,HOCP,CO2,HCO2P,CO,-0,-2,9.45E-10,0,0,,Anicich93,
316,HOCP,H2,H3P,CO,-0,-2,2.68E-10,0,0,,Anicich93,
317,HOCP,H2,HCOP,H2,-0,-2,3.80E-10,0,0,,Smith02,
318,HOCP,N2,N2HP,CO,-0,-2,6.70E-10,0,0,,Anicich93,
319,HOCP,N2O,HN2OP,CO,-0,-2,1.17E-09,0,0,,Anicich93,
320,HOCP,NO,HNOP,CO,-0,-2,7.10E-10,0,0,,Anicich93,
321,HOCP,O2,HO2P,CO,-0,-2,1.90E-10,0,0,,Anicich93,
322,HP,CH,CHP,H,-0,-2,3.29E-08,-0.5,0,10 - 41000,UMIST RATE12,
323,HP,CO2,HCOP,O,-0,-2,3.80E-09,0,0,,Anicich93,
324,HP,H,H2P,-0,-0,-2,2.34E-22,1.49,-228,200 - 32000,UMIST RATE12,
325,HP,H2O,H2OP,H,-0,-2,8.20E-09,0,0,,Anicich93,
326,HP,HCN,HCNP,H,-0,-2,1.10E-08,0,0,,Anicich93,
327,HP,HCO,COP,H2,-0,-2,1.63E-08,-0.5,0,10 - 41000,UMIST RATE12,
328,HP,HCO,H2P,CO,-0,-2,1.63E-08,-0.5,0,10 - 41000,UMIST RATE12,
329,HP,HCO,HCOP,H,-0,-2,1.63E-08,-0.5,0,10 - 41000,UMIST RATE12,
330,HP,He,HeHP,-0,-0,-2,3.14E-19,-0.24,0,,Stancil98,
331,HP,HNO,NOP,H2,-0,-2,6.93E-08,-0.5,0,10 - 41000,UMIST RATE12,
332,HP,N2O,N2HP,O,-0,-2,3.52E-10,0,0,10 - 41000,UMIST RATE12,
333,HP,N2O,N2OP,H,-0,-2,1.85E-09,0,0,10 - 41000,UMIST RATE12,
334,HP,NH,NHP,H,-0,-2,3.64E-08,-0.5,0,10 - 41000,UMIST RATE12,
335,HP,NH2,NH2P,H,-0,-2,5.02E-08,-0.5,0,10 - 41000,UMIST RATE12,
336,HP,NO,NOP,H,-0,-2,1.90E-09,0,0,,Anicich93,
337,HP,NO2,NOP,OH,-0,-2,1.90E-09,0,0,10 - 41000,UMIST RATE12,
338,HP,O,OP,H,-0,-2,3.75E-10,0,0,,Anicich93,
339,HP,O2,O2P,H,-0,-2,1.17E-09,0,0,,Anicich93,
340,HP,OH,OHP,H,-0,-2,3.64E-08,-0.5,0,10 - 41000,UMIST RATE12,
341,N2HP,C,CHP,N2,-0,-2,1.10E-09,0,0,10 - 41000,UMIST RATE12,
342,N2HP,CH,CH2P,N2,-0,-2,1.09E-08,-0.5,0,10 - 41000,UMIST RATE12,
343,N2HP,CO,HCOP,N2,-0,-2,8.80E-10,0,0,,Anicich93,
344,N2HP,CO2,HCO2P,N2,-0,-2,1.07E-09,0,0,,Anicich93,
345,N2HP,H2,H3P,N2,-0,-2,5.10E-18,0,0,,Anicich93,
346,N2HP,H2O,H3OP,N2,-0,-2,2.60E-09,0,0,,Anicich93,
347,N2HP,HCN,HCNHP,N2,-0,-2,3.20E-09,0,0,,Anicich93,
348,N2HP,HCO,H2COP,N2,-0,-2,1.26E-08,-0.5,0,10 - 41000,UMIST RATE12,
349,N2HP,N2O,HN2OP,N2,-0,-2,1.25E-09,0,0,,Anicich93,
350,N2HP,NH,NH2P,N2,-0,-2,1.11E-08,-0.5,0,10 - 41000,UMIST RATE12,
351,N2HP,NH2,NH3P,N2,-0,-2,1.54E-08,-0.5,0,10 - 41000,UMIST RATE12,
352,N2HP,NO,HNOP,N2,-0,-2,3.40E-10,0,0,,Anicich93,
353,N2HP,O,OHP,N2,-0,-2,1.40E-10,0,0,,Anicich93,
354,N2HP,OH,H2OP,N2,-0,-2,1.07E-08,-0.5,0,10 - 41000,UMIST RATE12,
355,N2OP,CO,CO2P,N2,-0,-2,1.11E-10,0,0,,Anicich93,
356,N2OP,CO,NOP,NCO,-0,-2,1.89E-10,0,0,,Anicich93,
357,N2OP,H2,HN2OP,H,-0,-2,2.56E-10,0,0,,Anicich93,
358,N2OP,H2,N2HP,OH,-0,-2,1.04E-10,0,0,,Anicich93,
359,N2OP,H2O,H2OP,N2O,-0,-2,3.27E-08,-0.5,0,10 - 41000,UMIST RATE12,
360,N2OP,H2O,HN2OP,OH,-0,-2,3.64E-09,-0.5,0,10 - 41000,UMIST RATE12,
361,N2OP,N2O,NOP,NO,N2,-2,1.20E-11,0,0,,Anicich93,
362,N2OP,NO,NOP,N2O,-0,-2,2.30E-10,0,0,,Anicich93,
363,N2OP,NO2,NO2P,N2O,-0,-2,2.21E-10,0,0,,Anicich93,
364,N2OP,NO2,NOP,N2,O2,-2,4.29E-10,0,0,,Anicich93,
365,N2OP,O2,NOP,NO2,-0,-2,4.59E-11,0,0,,Anicich93,
366,N2OP,O2,O2P,N2O,-0,-2,2.24E-10,0,0,,Anicich93,
367,N2P,Ar,ArP,N2,-0,-2,2.00E-13,0,0,,Anicich93,
368,N2P,C,CP,N2,-0,-2,1.10E-10,0,0,10 - 41000,UMIST RATE12,
369,N2P,CH,CHP,N2,-0,-2,1.09E-08,-0.5,0,10 - 41000,UMIST RATE12,
370,N2P,CN,CNP,N2,-0,-2,1.73E-09,-0.5,0,10 - 41000,UMIST RATE12,
371,N2P,CO,COP,N2,-0,-2,7.30E-11,0,0,,Anicich93,
372,N2P,CO2,CO2P,N2,-0,-2,8.00E-10,0,0,300,Schunk09,
373,N2P,H2,N2HP,H,-0,-2,1.87E-09,0,-54.7,150 - 300,Dutuit13,Fitted
374,N2P,H2O,H2OP,N2,-0,-2,1.90E-09,0,0,,Anicich93,
375,N2P,H2O,N2HP,OH,-0,-2,5.04E-10,0,0,,Anicich93,
376,N2P,HCN,HCNP,N2,-0,-2,3.90E-10,0,0,,Anicich93,
377,N2P,HCO,HCOP,N2,-0,-2,6.41E-09,-0.5,0,10 - 41000,UMIST RATE12,
378,N2P,HCO,N2HP,CO,-0,-2,6.41E-09,-0.5,0,10 - 41000,UMIST RATE12,
379,N2P,N,NP,N2,-0,-2,1.40E-11,0,0,300,Scott98,
380,N2P,N2O,N2OP,N2,-0,-2,6.00E-10,0,0,,Anicich93,
381,N2P,NH,NHP,N2,-0,-2,1.13E-08,-0.5,0,10 - 41000,UMIST RATE12,
382,N2P,NH2,NH2P,N2,-0,-2,1.54E-08,-0.5,0,10 - 41000,UMIST RATE12,
383,N2P,NO,NOP,N2,-0,-2,4.40E-10,0,0,10 - 41000,UMIST RATE12,
384,N2P,O,NOP,N,-0,-2,1.30E-10,0,0,300,Schunk09,
385,N2P,O,OP,N2,-0,-2,9.80E-12,0,0,300,Schunk09,
386,N2P,O2,O2P,N2,-0,-2,5.00E-11,0,0,,Anicich93,
387,N2P,OH,OHP,N2,-0,-2,1.09E-08,-0.5,0,10 - 41000,UMIST RATE12,
388,NH2P,CH,CH2P,NH,-0,-2,6.06E-09,-0.5,0,10 - 41000,UMIST RATE12,
389,NH2P,CH,CHP,NH2,-0,-2,6.06E-09,-0.5,0,10 - 41000,UMIST RATE12,
390,NH2P,CN,HCNHP,N,-0,-2,1.73E-09,-0.5,0,10 - 41000,UMIST RATE12,
391,NH2P,H2,NH3P,H,-0,-2,1.95E-10,0,0,,Anicich93,
392,NH2P,H2O,H3OP,NH,-0,-2,2.73E-09,0,0,,Anicich93,
393,NH2P,H2O,NH3P,OH,-0,-2,8.70E-11,0,0,,Anicich93,
394,NH2P,H2O,NH4P,O,-0,-2,1.16E-10,0,0,,Anicich93,
395,NH2P,HCN,HCNHP,NH,-0,-2,2.08E-08,-0.5,0,10 - 41000,UMIST RATE12,
396,NH2P,HCO,H2COP,NH,-0,-2,7.45E-09,-0.5,0,10 - 41000,UMIST RATE12,
397,NH2P,HCO,HCOP,NH2,-0,-2,7.45E-09,-0.5,0,10 - 41000,UMIST RATE12,
398,NH2P,N,N2HP,H,-0,-2,9.10E-11,0,0,10 - 41000,UMIST RATE12,
399,NH2P,NH,NH3P,N,-0,-2,1.26E-08,-0.5,0,10 - 41000,UMIST RATE12,
400,NH2P,NH2,NH3P,NH,-0,-2,1.73E-08,-0.5,0,10 - 41000,UMIST RATE12,
401,NH2P,NO,NOP,NH2,-0,-2,7.00E-10,0,0,,Anicich93,
402,NH2P,O,HNOP,H,-0,-2,7.20E-11,0,0,10 - 41000,UMIST RATE12,
403,NH2P,O2,H2NOP,O,-0,-2,1.19E-10,0,0,,Anicich93,
404,NH2P,O2,HNOP,OH,-0,-2,2.10E-11,0,0,,Anicich93,
405,NH3P,CH,NH4P,C,-0,-2,1.20E-08,-0.5,0,10 - 41000,UMIST RATE12,
406,NH3P,H2,NH4P,H,-0,-2,4.40E-13,0,0,,Anicich93,
407,NH3P,H2O,NH4P,OH,-0,-2,2.50E-10,0,0,,Anicich93,
408,NH3P,HCO,NH4P,CO,-0,-2,7.27E-09,-0.5,0,10 - 41000,UMIST RATE12,
409,NH3P,NO,NOP,NH3,-0,-2,7.20E-10,0,0,,Anicich93,
410,NHP,C,CHP,N,-0,-2,1.60E-09,0,0,10 - 41000,UMIST RATE12,
411,NHP,CH,CH2P,N,-0,-2,1.71E-08,-0.5,0,10 - 41000,UMIST RATE12,
412,NHP,CN,HCNP,N,-0,-2,2.77E-08,-0.5,0,10 - 41000,UMIST RATE12,
413,NHP,CO,HCOP,N,-0,-2,4.41E-10,0,0,,Anicich93,
414,NHP,CO,OCNP,H,-0,-2,5.39E-10,0,0,,Anicich93,
415,NHP,CO2,HCO2P,N,-0,-2,3.85E-10,0,0,,Anicich93,
416,NHP,CO2,HNOP,CO,-0,-2,3.85E-10,0,0,,Anicich93,
417,NHP,CO2,NOP,HCO,-0,-2,3.30E-10,0,0,,Anicich93,
418,NHP,H2,H3P,N,-0,-2,1.85E-10,0,0,,Anicich93,
419,NHP,H2,NH2P,H,-0,-2,1.05E-09,0,0,,Anicich93,
420,NHP,H2O,H2OP,NH,-0,-2,1.05E-09,0,0,,Anicich93,
421,NHP,H2O,H3OP,N,-0,-2,1.05E-09,0,0,,Anicich93,
422,NHP,H2O,HNOP,H2,-0,-2,3.50E-10,0,0,,Anicich93,
423,NHP,H2O,NH2P,OH,-0,-2,8.75E-10,0,0,,Anicich93,
424,NHP,H2O,NH3P,O,-0,-2,1.75E-10,0,0,,Anicich93,
425,NHP,HCN,HCNHP,N,-0,-2,3.12E-08,-0.5,0,10 - 41000,UMIST RATE12,
426,NHP,HCO,H2COP,N,-0,-2,2.25E-08,-0.5,0,10 - 41000,UMIST RATE12,
427,NHP,N,N2P,H,-0,-2,1.30E-09,0,0,10 - 41000,UMIST RATE12,
428,NHP,N2,N2HP,N,-0,-2,6.50E-10,0,0,,Anicich93,
429,NHP,NH,NH2P,N,-0,-2,1.73E-08,-0.5,0,10 - 41000,UMIST RATE12,
430,NHP,NH2,NH3P,N,-0,-2,2.60E-08,-0.5,0,10 - 41000,UMIST RATE12,
431,NHP,NO,N2HP,O,-0,-2,1.78E-10,0,0,,Anicich93,
432,NHP,NO,NOP,NH,-0,-2,7.12E-10,0,0,,Anicich93,
433,NHP,O,OHP,N,-0,-2,1.00E-09,0,0,10 - 41000,UMIST RATE12,
434,NHP,O2,HO2P,N,-0,-2,1.64E-10,0,0,,Anicich93,
435,NHP,O2,NOP,OH,-0,-2,2.05E-10,0,0,,Anicich93,
436,NHP,O2,O2P,NH,-0,-2,4.51E-10,0,0,,Anicich93,
437,NHP,OH,H2OP,N,-0,-2,1.73E-08,-0.5,0,10 - 41000,UMIST RATE12,
438,NO2P,H,NOP,OH,-0,-2,1.90E-10,0,0,10 - 41000,UMIST RATE12,
439,NO2P,H2,NOP,H2O,-0,-2,1.50E-10,0,0,10 - 41000,UMIST RATE12,
440,NO2P,NO,NOP,NO2,-0,-2,2.75E-10,0,0,,Anicich93,
441,NP,CH,CNP,H,-0,-2,6.24E-09,-0.5,0,10 - 41000,UMIST RATE12,
442,NP,CN,CNP,N,-0,-2,1.91E-08,-0.5,0,10 - 41000,UMIST RATE12,
443,NP,CO,COP,N,-0,-2,4.93E-10,0,0,,Anicich93,
444,NP,CO,CP,NO,-0,-2,5.60E-12,0,0,,Anicich93,
445,NP,CO,NOP,C,-0,-2,6.16E-11,0,0,,Anicich93,
446,NP,CO2,CO2P,N,-0,-2,9.18E-10,0,0,,Anicich93,
447,NP,CO2,COP,NO,-0,-2,2.02E-10,0,0,,Anicich93,
448,NP,H2,NHP,H,-0,-2,5.00E-10,0,-85,,Anicich93,
449,NP,H2O,H2OP,N,-0,-2,2.70E-09,0,0,,Anicich93,
450,NP,HCN,HCNP,N,-0,-2,3.70E-09,0,0,,Anicich93,
451,NP,HCO,HCOP,N,-0,-2,7.79E-09,-0.5,0,10 - 41000,UMIST RATE12,
452,NP,HCO,NHP,CO,-0,-2,7.79E-09,-0.5,0,10 - 41000,UMIST RATE12,
453,NP,N,N2P,-0,-0,-2,9.44E-19,0.24,-26.1,300 - 14700,UMIST RATE12,
454,NP,N2O,NOP,N2,-0,-2,5.50E-10,0,0,,Anicich93,
455,NP,NH,N2P,H,-0,-2,6.41E-09,-0.5,0,10 - 41000,UMIST RATE12,
456,NP,NH,NHP,N,-0,-2,6.41E-09,-0.5,0,10 - 41000,UMIST RATE12,
457,NP,NH2,NH2P,N,-0,-2,1.73E-08,-0.5,0,10 - 41000,UMIST RATE12,
458,NP,NO,N2P,O,-0,-2,8.33E-11,0,0,,Anicich93,
459,NP,NO,NOP,N,-0,-2,4.72E-10,0,0,,Anicich93,
460,NP,O2,NOP,O,-0,-2,2.32E-10,0,0,,Anicich93,
461,NP,O2,O2P,N,-0,-2,3.07E-10,0,0,,Anicich93,
462,NP,O2,OP,NO,-0,-2,4.64E-11,0,0,,Anicich93,
463,NP,OH,OHP,N,-0,-2,6.41E-09,-0.5,0,10 - 41000,UMIST RATE12,
464,O2DP,H2,H2P,O,-0,-2,4.40E-08,-0.98,-302.4,,"Li97, Fox15",Fox 2015 R10b
465,O2DP,H2,HP,OH,-0,-2,1.62E-08,-0.95,-335.1,,"Li97, Fox15",Fox 2015 R10c
466,O2DP,H2,OHP,H,-0,-2,1.50E-09,0,0,,"Li97, Fox15",Fox 2015 R10a
467,O2P,C,COP,O,-0,-2,5.20E-11,0,0,10 - 41000,UMIST RATE12,
468,O2P,C,CP,O2,-0,-2,5.20E-11,0,0,10 - 41000,UMIST RATE12,
469,O2P,CH,CHP,O2,-0,-2,5.37E-09,-0.5,0,10 - 41000,UMIST RATE12,
470,O2P,CH,HCOP,O,-0,-2,5.37E-09,-0.5,0,10 - 41000,UMIST RATE12,
471,O2P,HCO,HCOP,O2,-0,-2,6.24E-09,-0.5,0,10 - 41000,UMIST RATE12,
472,O2P,HCO,HO2P,CO,-0,-2,6.24E-09,-0.5,0,10 - 41000,UMIST RATE12,
473,O2P,N,NOP,O,-0,-2,1.00E-10,0,0,300,Scott98,
474,O2P,NH,HNOP,O,-0,-2,5.54E-09,-0.5,0,10 - 41000,UMIST RATE12,
475,O2P,NH,NO2P,H,-0,-2,5.54E-09,-0.5,0,10 - 41000,UMIST RATE12,
476,O2P,NH2,NH2P,O2,-0,-2,1.51E-08,-0.5,0,10 - 41000,UMIST RATE12,
477,O2P,NO,NOP,O2,-0,-2,4.60E-10,0,0,,Anicich93,
478,O2P,NO2,NO2P,O2,-0,-2,6.60E-10,0,0,,Anicich93,
479,OHP,C,CHP,O,-0,-2,1.20E-09,0,0,10 - 41000,UMIST RATE12,
480,OHP,CH,CH2P,O,-0,-2,6.06E-09,-0.5,0,10 - 41000,UMIST RATE12,
481,OHP,CH,CHP,OH,-0,-2,6.06E-09,-0.5,0,10 - 41000,UMIST RATE12,
482,OHP,CN,HCNP,O,-0,-2,1.73E-08,-0.5,0,10 - 41000,UMIST RATE12,
483,OHP,CO,HCOP,O,-0,-2,8.40E-10,0,0,,Anicich93,
484,OHP,CO2,HCO2P,O,-0,-2,1.35E-09,0,0,,Anicich93,
485,OHP,H2,H2OP,H,-0,-2,9.70E-10,0,0,,Anicich93,
486,OHP,H2O,H2OP,OH,-0,-2,1.59E-09,0,0,,Anicich93,
487,OHP,H2O,H3OP,O,-0,-2,1.30E-09,0,0,,Anicich93,
488,OHP,HCN,HCNHP,O,-0,-2,2.08E-08,-0.5,0,10 - 41000,UMIST RATE12,
489,OHP,HCO,H2COP,O,-0,-2,4.85E-09,-0.5,0,10 - 41000,UMIST RATE12,
490,OHP,HCO,H2OP,CO,-0,-2,4.85E-09,-0.5,0,10 - 41000,UMIST RATE12,
491,OHP,HCO,HCOP,OH,-0,-2,4.85E-09,-0.5,0,10 - 41000,UMIST RATE12,
492,OHP,N,NOP,H,-0,-2,8.90E-10,0,0,10 - 41000,UMIST RATE12,
493,OHP,N2,N2HP,O,-0,-2,2.40E-10,0,0,,Anicich93,
494,OHP,N2O,HN2OP,O,-0,-2,9.58E-10,0,0,,Anicich93,
495,OHP,N2O,N2OP,OH,-0,-2,2.13E-10,0,0,,Anicich93,
496,OHP,N2O,NOP,HNO,-0,-2,1.46E-10,0,0,,Anicich93,
497,OHP,NH,NH2P,O,-0,-2,6.24E-09,-0.5,0,10 - 41000,UMIST RATE12,
498,OHP,NH2,NH2P,OH,-0,-2,8.66E-09,-0.5,0,10 - 41000,UMIST RATE12,
499,OHP,NH2,NH3P,O,-0,-2,8.66E-09,-0.5,0,10 - 41000,UMIST RATE12,
500,OHP,NO,HNOP,O,-0,-2,6.11E-10,0,0,10 - 41000,UMIST RATE12,
501,OHP,NO,NOP,OH,-0,-2,8.15E-10,0,0,,Anicich93,
502,OHP,O,O2P,H,-0,-2,7.10E-10,0,0,10 - 41000,UMIST RATE12,
503,OHP,O2,O2P,OH,-0,-2,3.80E-10,0,0,,Anicich93,
504,OHP,OH,H2OP,O,-0,-2,1.21E-08,-0.5,0,10 - 41000,UMIST RATE12,
505,OP,CH,CHP,O,-0,-2,6.06E-09,-0.5,0,10 - 41000,UMIST RATE12,
506,OP,CH,COP,H,-0,-2,6.06E-09,-0.5,0,10 - 41000,UMIST RATE12,
507,OP,CN,NOP,C,-0,-2,1.73E-08,-0.5,0,10 - 41000,UMIST RATE12,
508,OP,CO2,O2P,CO,-0,-2,1.10E-09,0,0,,Anicich93,
509,OP,H,HP,O,-0,-2,6.40E-10,0,0,,Anicich93,
510,OP,H2,OHP,H,-0,-2,1.62E-09,0,0,,Anicich93,
511,OP,H2O,H2OP,O,-0,-2,2.60E-09,0,0,,Anicich93,
512,OP,HCN,COP,NH,-0,-2,1.17E-09,0,0,,Anicich93,
513,OP,HCN,HCOP,N,-0,-2,1.17E-09,0,0,,Anicich93,
514,OP,HCN,NOP,CH,-0,-2,1.17E-09,0,0,,Anicich93,
515,OP,HCO,HCOP,O,-0,-2,7.45E-09,-0.5,0,10 - 41000,UMIST RATE12,
516,OP,HCO,OHP,CO,-0,-2,7.45E-09,-0.5,0,10 - 41000,UMIST RATE12,
517,OP,N2,NOP,N,-0,-2,4.58E-09,-1.37,-28.592,23 - 222,LeGarrec03,Fitted
518,OP,N2O,N2OP,O,-0,-2,6.30E-10,0,0,393,Anicich93,
519,OP,NH,NHP,O,-0,-2,6.24E-09,-0.5,0,10 - 41000,UMIST RATE12,
520,OP,NH,NOP,H,-0,-2,6.24E-09,-0.5,0,10 - 41000,UMIST RATE12,
521,OP,NH2,NH2P,O,-0,-2,1.73E-08,-0.5,0,10 - 41000,UMIST RATE12,
522,OP,NO,NOP,O,-0,-2,8.00E-13,0,0,,Anicich93,
523,OP,NO2,NO2P,O,-0,-2,1.60E-09,0,0,393,Anicich93,
524,OP,NO2,NOP,O2,-0,-2,8.30E-10,0,0,10 - 41000,UMIST RATE12,
525,OP,O2,O2P,O,-0,-2,2.10E-11,0,0,,Anicich93,
526,OP,OH,O2P,H,-0,-2,6.24E-09,-0.5,0,10 - 41000,UMIST RATE12,
527,OP,OH,OHP,O,-0,-2,6.24E-09,-0.5,0,10 - 41000,UMIST RATE12,
528,ArHP,E,Ar,H,-0,-4,1.00E-09,0,0,1 - 29000,Mitchell05,Maximum
529,ArP,E,Ar,-0,-0,-4,4.00E-12,0.6,0,,estimate,
530,CHP,E,C,H,-0,-4,1.65E-06,-0.42,0,10 - 300,Mitchell90,
531,CNP,E,N,C,-0,-4,3.12E-06,-0.5,0,10 - 300,UMIST RATE12,
532,CO2P,E,CO,O,-0,-4,3.03E-05,-0.75,0,,Viggiano05,
533,COP,E,O,C,-0,-4,4.82E-06,-0.55,0,,Rosen98,Assume 0-eV collision
534,COP,E,O1D,C,-0,-4,2.48E-08,-0.55,0,,Rosen98,Assume 0-eV collision
535,CP,E,C,-0,-0,-4,6.28E-10,-0.59,0,10 - 1000,Nahar97,Fitted
536,H2OP,E,O,H,H,-4,2.08E-05,-0.74,0,300,Rosen00,
537,H2OP,E,H2,O,-0,-4,2.64E-06,-0.74,0,300,Rosen00,
538,H2OP,E,OH,H,-0,-4,5.86E-06,-0.74,0,300,Rosen00,
539,H2P,E,H,H,-0,-4,1.86E-07,-0.43,0,10 - 300,Mitchell90,
540,H3OP,E,H2,O,H,-4,9.68E-08,-0.5,0,,Jensen00,
541,H3OP,E,H2O,H,-0,-4,1.86E-06,-0.5,0,,Jensen00,
542,H3OP,E,OH,H,H,-4,4.47E-06,-0.5,0,,Jensen00,
543,H3OP,E,OH,H2,-0,-4,1.04E-06,-0.5,0,,Jensen00,
544,H3P,E,H,H,H,-4,8.46E-07,-0.52,0,10 - 1000,UMIST RATE12,
545,H3P,E,H2,H,-0,-4,4.54E-07,-0.52,0,10 - 1000,UMIST RATE12,
546,HCNHP,E,CN,H,H,-4,3.79E-06,-0.65,0,10 - 300,UMIST RATE12,
547,HCNP,E,CN,H,-0,-4,3.46E-06,-0.5,0,10 - 300,UMIST RATE12,
548,HCO2P,E,CO,O,H,-4,2.18E-07,0,0,300,"Geppert04,Herd90",
549,HCO2P,E,CO,OH,-0,-4,9.18E-08,0,0,300,"Geppert04,Herd90",
550,HCO2P,E,CO2,H,-0,-4,1.70E-08,0,0,300,"Geppert04,Herd90",
551,HCOP,E,CH,O,-0,-4,1.15E-07,-0.64,0,,Geppert05,
552,HCOP,E,CO,H,-0,-4,1.06E-05,-0.64,0,,Geppert05,
553,HCOP,E,OH,C,-0,-4,8.08E-07,-0.64,0,,Geppert05,
554,HeP,E,He,-0,-0,-4,9.28E-11,-0.5,0,100 - 100000,Ercolano06,
555,HN2OP,E,N2,O,H,-4,3.81E-05,-0.74,0,10 - 41000,UMIST RATE12,
556,HN2OP,E,N2,OH,-0,-4,4.38E-05,-0.74,0,10 - 41000,UMIST RATE12,
557,HNOP,E,NO,H,-0,-4,5.20E-06,-0.5,0,10 - 300,UMIST RATE12,
558,HO2P,E,O2,H,-0,-4,5.20E-06,-0.5,0,10 - 300,UMIST RATE12,
559,HOCP,E,CH,O,-0,-4,1.70E-09,1.2,0,,estimate from HCOP,
560,HOCP,E,CO,H,-0,-4,3.30E-05,-1,0,10 - 300,UMIST RATE12,
561,HOCP,E,OH,C,-0,-4,1.19E-08,1.2,0,,estimate from HCOP,
562,HP,E,H,-0,-0,-4,6.46E-14,0.7,0,,KIDA,
563,N2HP,E,N2,H,-0,-4,6.60E-07,-0.51,0,,Geppert05,
564,N2HP,E,NH,N,-0,-4,1.17E-06,-0.51,0,,Geppert05,
565,N2OP,E,N,N,O,-4,1.36E-06,-0.57,0,,Geppert05,
566,N2OP,E,N2,O,-0,-4,4.09E-06,-0.57,0,,Geppert05,
567,N2OP,E,NO,N,-0,-4,3.07E-06,-0.57,0,,Geppert05,
568,N2P,E,N,N,-0,-4,5.09E-07,-0.39,0,,Dutuit13,Reactions fixed to give correct ratios of excited species
569,N2P,E,N2D,N2D,-0,-4,1.42E-06,-0.39,0,,Dutuit13,Reactions fixed to give correct ratios of excited species
570,NH2P,E,N,H,H,-4,1.71E-05,-0.8,-17.1,12 - 12400,UMIST RATE12,
571,NH2P,E,NH,H,-0,-4,8.34E-06,-0.79,-17.1,12 - 12400,UMIST RATE12,
572,NH3P,E,NH,H,H,-4,2.68E-06,-0.5,0,10 - 300,UMIST RATE12,
573,NH3P,E,NH2,H,-0,-4,2.68E-06,-0.5,0,10 - 300,UMIST RATE12,
574,NHP,E,N,H,-0,-4,7.45E-07,-0.5,0,10 - 300,Mitchell90,
575,NO2P,E,NO,O,-0,-4,5.20E-06,-0.5,0,10 - 300,UMIST RATE12,
576,NOP,E,O,N,-0,-4,8.52E-07,-0.37,0,10 - 300,"Mitchell90,Kley77",
577,NOP,E,O,N2D,-0,-4,4.53E-09,0.75,0,,"Mitchell90,Kley77",
578,NP,E,N,-0,-0,-4,1.90E-10,-0.7,0,,Dutuit13,
579,O2P,E,O,O,,-4,8.15E-06,-0.65,0,95 - 5000,Spanel93,
580,OHP,E,O,H,-0,-4,6.50E-07,-0.5,0,10 - 300,Mitchell90,
581,OP,E,O,-0,-0,-4,1.40E-10,-0.66,0,10 - 41000,UMIST RATE12,
